class,texto
2,El aceite de semilla de albaricoque se utiliza en productos cosméticos debido a sus propiedades hidratantes y antiinflamatorias.
2,"El albaricoque es originario de China, pero se ha cultivado en todo el mundo."
2,"El albaricoque es rico en fibra dietética, lo que lo convierte en un excelente alimento para la digestión."
2,"El albaricoque es rico en potasio, lo que puede ayudar a mantener la salud del corazón."
2,El albaricoque es un fruto de piel aterciopelada y pulpa dulce y jugosa.
2,"El albaricoque es una fruta baja en calorías y alta en nutrientes, lo que lo convierte en una excelente opción para una dieta saludable."
2,"El albaricoque es una fruta de temporada, que generalmente se encuentra disponible en el verano."
2,"El albaricoque es una fuente importante de hierro, lo que lo convierte en un buen alimento para las personas con deficiencia de hierro."
2,El albaricoque es una fuente importante de vitamina A y C.
2,"El albaricoque pertenece a la familia de las rosáceas, al igual que las manzanas y las peras."
2,"El albaricoque se puede encontrar en diferentes variedades, incluyendo el albaricoque delicioso, el albaricoque rojo y el albaricoque de Hungría."
2,El albaricoque se puede utilizar como un ingrediente en salsas y marinadas.
2,"El albaricoque se puede utilizar para hacer mermeladas, jaleas y conservas."
2,El banano es conocido científicamente como Musa paradisiaca.
2,"El banano es originario de Asia, pero ahora se cultiva en muchas partes del mundo, incluyendo América Latina, el Caribe y África."
2,"El banano es una de las frutas más consumidas en el mundo, después de las manzanas y las naranjas."
2,El banano es una fruta de bajo costo y fácil de encontrar en cualquier mercado.
2,"El banano es una fruta fácil de transportar y almacenar, lo que lo convierte en un alimento ideal para llevar."
2,"El banano es una fruta muy nutritiva, rica en carbohidratos, fibra, potasio, vitaminas C y B6, y ácido fólico."
2,"El banano es una fruta muy popular entre los deportistas, ya que es una buena fuente de energía y ayuda a reponer los electrolitos perdidos durante el ejercicio."
2,El banano es una fruta que puede ayudar a aliviar el dolor de cabeza debido a su contenido de magnesio.
2,El banano es una fruta que puede ayudar a aliviar los calambres musculares debido a su contenido de potasio.
2,"El banano es una fruta que puede ayudar a mejorar el estado de ánimo debido a su contenido de triptófano, un aminoácido que ayuda a producir serotonina, el neurotransmisor responsable de la felicidad y el bienestar."
2,El banano es una fruta que puede ayudar a mejorar la digestión debido a su contenido de fibra soluble.
2,"El banano es una fruta que puede ayudar a mejorar la memoria y la concentración debido a su contenido de potasio y vitamina B6, que son esenciales para el funcionamiento del cerebro."
2,El banano es una fruta que puede ayudar a mejorar la salud del corazón debido a su contenido de fibra soluble.
2,El banano es una fruta que puede ayudar a mejorar la salud del sistema inmunológico debido a su contenido de vitamina C.
2,El banano es una fruta que puede ayudar a mejorar la salud ocular debido a su contenido de vitamina A.
2,El banano es una fruta que puede ayudar a mejorar la salud renal debido a su contenido de potasio.
2,El banano es una fruta que puede ayudar a mejorar la salud ósea debido a su contenido de calcio.
2,El banano es una fruta que puede ayudar a prevenir la osteoporosis debido a su contenido de calcio.
2,El banano es una fruta que puede ayudar a reducir el colesterol malo en la sangre debido a su contenido de fibra soluble.
2,"El banano es una fruta que puede ayudar a reducir el estrés debido a su contenido de vitamina B6, que ayuda a producir serotonina y dopamina, dos neurotransmisores que ayudan a regular el estado de ánimo."
2,El banano es una fruta que puede ayudar a reducir el riesgo de anemia debido a su contenido de hierro.
2,El banano es una fruta que puede ayudar a reducir el riesgo de cáncer debido a su contenido de antioxidantes.
2,El banano es una fruta que puede ayudar a reducir el riesgo de enfermedades cardiovasculares debido a su contenido de potasio.
2,El banano es una fruta que puede ayudar a reducir la acidez estomacal debido a su contenido de antiácidos naturales.
2,El banano es una fruta que puede ayudar a reducir la hinchazón y la retención de líquidos debido a su contenido de potasio.
2,El banano es una fruta que puede ayudar a reducir la inflamación debido a su contenido de vitamina C y otros antioxidantes.
2,El banano es una fruta que puede ayudar a reducir la inflamación en el cuerpo debido a su contenido de antioxidantes.
2,El banano es una fruta que puede ayudar a reducir la presión arterial debido a su contenido de potasio.
2,El banano es una fruta que puede ayudar a reducir los síntomas del síndrome premenstrual debido a su contenido de vitamina B6.
2,El banano es una fruta que puede ayudar a regular el tránsito intestinal debido a su contenido de fibra.
2,El banano es una fruta tropical de forma alargada y curvada que crece en racimos.
2,"El banano es una fruta versátil que se puede comer cruda, cocida, horneada, frita o en conserva."
2,El banano maduro tiene una piel amarilla y una pulpa suave y dulce.
2,"El banano se utiliza en muchos platos y recetas, incluyendo batidos, postres, panes y pasteles."
2,El banano verde tiene una piel verde y una pulpa firme y almidonada.
3,"El color del tomate puede variar desde el rojo intenso hasta el amarillo, verde y naranja."
3,"El durazno es rico en vitaminas A, C y E, así como en fibra y antioxidantes."
3,"El durazno es una fruta baja en calorías y rica en nutrientes, por lo que es una buena opción para incluir en una dieta saludable"
3,"El durazno es una fruta de piel suave y delicada, de forma redondeada o ligeramente achatada."
3,El durazno es una fruta estacional que se produce en verano y principios de otoño.
3,"El durazno es una fruta muy popular en la cocina asiática, especialmente en la cocina china."
3,"El durazno es una fruta originaria de China, perteneciente a la familia de las Rosáceas."
3,"El durazno es una fruta que se ha utilizado en la medicina tradicional para tratar problemas de salud como la tos, la fiebre y la disentería."
3,"El durazno es una fruta que se puede secar para hacer albaricoques secos, una merienda saludable."
3,"El durazno es una fruta que se puede utilizar para hacer vinagre de durazno, que es una adición deliciosa a las ensaladas."
3,El durazno es una fruta que se utiliza en la elaboración de licores y destilados.
3,El durazno es una fruta que se utiliza en la elaboración de té de hierbas para ayudar a aliviar la ansiedad y mejorar el sueño.
3,"El durazno se puede utilizar para hacer chutneys, que son condimentos picantes que se utilizan en la cocina india."
3,El durazno se puede utilizar para hacer salsas para platos de carne y pollo.
3,"El durazno se puede utilizar para hacer té de durazno, que es una bebida refrescante y aromática."
3,"El durazno se utiliza como ingrediente en bebidas, como batidos, cócteles y jugos."
3,"El durazno tiene una pulpa jugosa y 2, de color amarillo o blanco, que rodea una semilla dura en su interior."
3,El jugo de tomate es un ingrediente común en las bebidas y cócteles.
4,"El mango es rico en vitamina C, vitamina A y antioxidantes."
4,"El mango es un árbol de la familia Anacardiaceae, que puede crecer hasta 35 metros de altura."
4,"El mango es una de las frutas más cultivadas en el mundo, con más de 40 millones de toneladas producidas anualmente."
4,El mango es una fruta deliciosa y saludable que se puede disfrutar en una amplia variedad de formas y que puede proporcionar muchos beneficios para la salud.
4,"El mango es una fruta muy jugosa y 2, con una pulpa de color amarillo o naranja."
4,El mango es una fruta muy nutritiva que puede formar parte de una dieta equilibrada y saludable.
4,"El mango es una fruta muy popular en todo el mundo, especialmente en países tropicales como India, México, Brasil y Tailandia."
4,El mango es una fruta muy versátil que se puede utilizar en una gran variedad de recetas.
4,El mango es una fruta que puede ayudar a fortalecer el sistema inmunológico debido a su contenido de vitamina C.
4,El mango es una fruta que puede ayudar a mejorar la salud del cabello y la piel debido a sus nutrientes.
4,El mango es una fruta que puede ayudar a mejorar la salud ocular debido a su contenido de vitamina A.
4,El mango es una fruta que puede ayudar a mejorar la salud ósea debido a su contenido de calcio y magnesio.
4,El mango es una fruta que puede ayudar a prevenir el cáncer debido a su contenido de antioxidantes.
4,El mango es una fruta que puede ayudar a prevenir la anemia debido a su contenido de hierro.
4,El mango es una fruta que puede ayudar a reducir el riesgo de enfermedades cardiovasculares y a mejorar la digestión.
4,El mango es una fruta que puede ayudar a reducir la inflamación en el cuerpo.
4,El mango es una fruta que puede ayudar a reducir los niveles de colesterol en sangre.
4,El mango es una fruta que puede ayudar a regular los niveles de azúcar en sangre debido a su bajo índice glucémico.
4,El mango es una fruta que se puede congelar fácilmente para su uso posterior.
4,El mango es una fruta que se puede utilizar para hacer bebidas alcohólicas como vinos y licores.
4,"El mango es una fruta tropical originaria de Asia, de forma ovalada y piel de color verde o amarillo."
4,El mango maduro tiene un sabor más dulce y suave que el mango verde.
4,"El mango se puede consumir fresco, en jugos, en ensaladas de frutas, en mermeladas y en postres."
4,El mango se puede encontrar en muchos supermercados y tiendas de alimentos saludables.
4,El mango se puede pelar fácilmente con un pelador de verduras o con un cuchillo afilado.
4,El mango se puede utilizar como ingrediente en cosméticos y productos de cuidado personal debido a sus propiedades hidratantes y suavizantes.
4,El mango se puede utilizar como ingrediente en la elaboración de productos de cuidado del cabello debido a sus propiedades hidratantes y nutritivas.
4,El mango se puede utilizar como ingrediente en la elaboración de productos de panadería y repostería.
4,El mango se puede utilizar como ingrediente en la fabricación de papel debido a su fibra.
4,El mango se puede utilizar como ingrediente en la fabricación de productos de belleza y cuidado personal debido a sus propiedades hidratantes y suavizantes.
4,El mango se puede utilizar como ingrediente en la fabricación de productos farmacéuticos debido a sus propiedades curativas.
4,"El mango se puede utilizar como ingrediente en platos salados, como ensaladas, salsas y guisos"
4,El mango se puede utilizar como ingrediente en productos de limpieza y detergentes debido a su capacidad para disolver la suciedad y las manchas.
4,El mango verde se utiliza a menudo para hacer chutneys y encurtidos.
1,El nombre científico de la guayaba es Psidium guajava.
3,El tamaño del tomate puede variar desde pequeñas cerezas hasta grandes tomates beefsteak.
3,El tomate es un alimento bajo en calorías y alto en fibra.
3,El tomate es un cultivo anual que requiere replantarse cada temporada.
3,El tomate es un cultivo exigente en nutrientes y agua.
3,El tomate es un cultivo que requiere de buena exposición al sol y un suelo rico en nutrientes para crecer adecuadamente.
3,El tomate es un ingrediente clave en la pizza y la pasta.
3,El tomate es un ingrediente clave en la salsa de tomate estilo barbacoa.
3,El tomate es un ingrediente clave en la salsa de tomate para pizza.
3,El tomate es un ingrediente clave en la salsa española.
3,El tomate es un ingrediente común en ensaladas.
3,El tomate es un ingrediente común en las empanadas y las quesadillas.
3,El tomate es un ingrediente común en las hamburguesas y los sándwiches.
3,El tomate es un ingrediente común en los chiles y los guisos.
3,El tomate es un ingrediente común en los jugos y batidos verdes.
3,El tomate es una de las hortalizas más consumidas en el mundo.
3,"El tomate es una fruta originaria de América del Sur, perteneciente a la familia de las solanáceas."
3,El tomate fue introducido en Europa por los conquistadores españoles en el siglo XVI.
3,"En algunos países, el tomate se conoce como ""jitomate""."
3,"Es un ingrediente común en la cocina mediterránea, mexicana y americana."
3,"Es una baya de piel fina y pulpa jugosa, de forma redonda u ovalada y con una textura suave."
3,"Existen miles de variedades de tomate, incluyendo los tomates cherry, roma, beefsteak, san marzano y heirloom."
4,"Existen más de 8,000 variedades diferentes de uvas cultivadas en todo el mundo."
3,"Hay diferentes variedades de duraznos, incluyendo el durazno blanco, el durazno amarillo, el durazno nectarina y el durazno paraguayo."
2,"La acerola es rica en vitamina C, en una cantidad hasta 100 veces mayor que la naranja."
2,"La acerola es una fruta baja en calorías y rica en fibra, por lo que es ideal para dietas de adelgazamiento."
2,La acerola es una fruta de temporada que se cosecha desde finales de la primavera hasta principios del otoño.
2,La acerola es una fruta muy sensible y debe ser consumida rápidamente después de la recolección.
2,La acerola es una fruta que puede ayudar a combatir la fatiga y el estrés.
2,"La acerola es una fruta que puede ayudar a mejorar la salud cardiovascular, la digestión y el sistema inmunológico."
2,La acerola es una fruta que puede ayudar a reducir la inflamación en el cuerpo y prevenir enfermedades inflamatorias crónicas como la artritis.
2,La acerola es una fruta que puede mejorar la apariencia de la piel y reducir las manchas y las arrugas.
2,La acerola es una fruta que puede mejorar la salud de los ojos debido a su alto contenido en vitamina A.
2,La acerola es una fruta que se puede conservar en el congelador para su consumo posterior.
2,La acerola es una fruta que se puede utilizar como antioxidante para proteger las células del daño oxidativo.
2,La acerola es una fruta que se puede utilizar para mejorar la absorción de hierro en el cuerpo.
2,La acerola es una fruta tropical originaria de América Central y del Sur.
2,La acerola es una pequeña fruta de forma redonda o elíptica y de color rojo o anaranjado.
2,"La acerola es utilizada para tratar la deficiencia de vitamina C, el resfriado común y para aumentar la resistencia del cuerpo a enfermedades."
2,"La acerola se cultiva principalmente en Brasil, Puerto Rico, República Dominicana, Jamaica y otros países del Caribe."
2,"La acerola se puede consumir cruda o procesada en jugos, batidos, sorbetes, helados, pasteles y otras recetas."
2,La acerola se puede utilizar como remedio natural para tratar problemas respiratorios como la bronquitis y el asma.
2,La acerola se utiliza en la cosmética para la elaboración de cremas y lociones debido a su alto contenido en vitamina C.
2,"La acerola se utiliza en la medicina natural para tratar enfermedades como la diabetes, el colesterol alto y la hipertensión."
2,La acerola se utiliza para prevenir la aparición de enfermedades degenerativas como el cáncer y el Alzheimer.
2,"La acerola se utiliza también en la producción de suplementos nutricionales, jugos, mermeladas y otros productos alimentarios."
2,"La acerola también contiene vitaminas del complejo B, carotenoides, flavonoides y minerales como el hierro, calcio y fósforo."
3,La granada es conocida por sus propiedades antiinflamatorias y su capacidad para reducir el colesterol y la presión arterial.
3,"La granada es un fruto originario de Persia y es cultivado en diversas regiones del mundo, incluyendo España, Marruecos, Turquía, Israel y California."
3,La granada es una fruta de piel gruesa y dura con un interior lleno de pequeñas semillas de color rojo brillante.
3,La granada es una fruta de temporada que se encuentra disponible en otoño e invierno.
3,"La granada es una fruta que contiene antioxidantes, que ayudan a proteger las células del cuerpo contra el daño oxidativo."
3,"La granada es una fruta que contiene antocianinas, que se ha demostrado que tienen propiedades antiinflamatorias y antioxidantes."
3,"La granada es una fruta que contiene polifenoles, que se ha demostrado que tienen propiedades antiinflamatorias."
3,"La granada es una fruta que contiene potasio, que es importante para la función muscular y para regular la presión arterial."
3,"La granada es una fruta que contiene punicalagina, que se ha demostrado que reduce el riesgo de enfermedades del corazón"
3,"La granada es una fruta que contiene taninos, que se ha demostrado que tienen propiedades antivirales."
3,"La granada es una fruta que contiene ácido ascórbico, que se ha demostrado que ayuda a reducir los niveles de azúcar en la sangre."
3,"La granada es una fruta que contiene ácido cítrico, que se ha demostrado que ayuda a prevenir la formación de cálculos renales."
3,"La granada es una fruta que contiene ácido elágico, que se ha demostrado que reduce el riesgo de cáncer de mama y de próstata."
3,"La granada es una fruta que contiene ácido fólico, que es importante para el desarrollo fetal durante el embarazo"
3,"La granada es una fruta que contiene ácido pantoténico, que es importante para la producción de hormonas y para mantener una piel sana."
3,"La granada es una fruta que es alta en fibra y baja en calorías, lo que la convierte en una opción saludable para aquellos que buscan perder peso."
3,"La granada es una fruta que se ha utilizado en la cocina de diversas culturas, incluyendo la cocina mediterránea, asiática y de Oriente Medio."
3,"La granada es una fruta que se ha utilizado en la medicina ayurvédica para tratar la diarrea, la disentería y la inflamación."
3,La granada es una fruta que se ha utilizado en la medicina persa para tratar el dolor de garganta y la fiebre.
3,La granada es una fruta que se ha utilizado en la medicina tradicional china para tratar la anemia y la fiebre.
3,La granada es una fruta que se ha utilizado en la medicina tradicional durante siglos debido a sus propiedades curativas.
3,La granada es una fruta que se ha utilizado en la medicina tradicional india para tratar la diabetes y la diarrea.
3,La granada es una fruta que se ha utilizado en la medicina tradicional para tratar la diarrea y la disentería.
3,La granada es una fruta que se ha utilizado en la medicina tradicional para tratar la dispepsia y los problemas digestivos.
3,La granada es una fruta que se ha utilizado en la medicina tradicional para tratar la fiebre del heno y las alergias.
3,La granada es una fruta que se ha utilizado en la medicina tradicional para tratar la tos y el resfriado común.
3,La granada es una fruta que se puede comer sola o se puede utilizar como ingrediente en ensaladas y platos principales.
3,"La granada es una fruta rica en antioxidantes, vitaminas C y K, y potasio."
3,"La granada se consume principalmente como fruta fresca, pero también se puede utilizar para hacer jugos, mermeladas y salsas."
3,La granada se ha utilizado en la cosmética y en la industria de la belleza debido a sus propiedades hidratantes y rejuvenecedoras.
1,La guayaba es conocida por su aroma dulce y su sabor jugoso.
1,La guayaba es originaria de América Central y del Sur.
1,"La guayaba es rica en vitamina C, fibra y antioxidantes."
1,La guayaba es una fruta baja en calorías y alta en nutrientes.
1,La guayaba es una fruta que puede ayudar a fortalecer el sistema inmunológico.
1,La guayaba es una fruta que puede ayudar a mejorar la salud de la piel.
1,La guayaba es una fruta que puede ayudar a mejorar la salud de las encías y los dientes.
1,La guayaba es una fruta que puede ayudar a mejorar la salud de los ojos.
1,La guayaba es una fruta que puede ayudar a mejorar la salud del cabello.
1,La guayaba es una fruta que puede ayudar a mejorar la salud digestiva.
1,La guayaba es una fruta que puede ayudar a mejorar la salud mental.
1,La guayaba es una fruta que puede ayudar a mejorar la salud ósea.
1,La guayaba es una fruta que puede ayudar a reducir el estrés.
1,La guayaba es una fruta que puede ayudar a reducir el riesgo de cáncer.
1,La guayaba es una fruta que puede ayudar a reducir el riesgo de enfermedades cardiovasculares.
1,La guayaba es una fruta que puede ayudar a reducir la inflamación en el cuerpo.
1,La guayaba es una fruta que puede ayudar a reducir los síntomas de la alergia.
1,La guayaba es una fruta que puede ayudar a regular los niveles de azúcar en la sangre.
1,La guayaba es una fruta tropical que crece en los árboles de la familia Myrtaceae.
1,La guayaba es una fruta versátil que se puede combinar con otros ingredientes.
1,"La guayaba se puede consumir fresca, cocida o enlatada."
1,La guayaba se puede utilizar como ingrediente en productos de cuidado personal como champús y cremas.
1,La guayaba se puede utilizar para preparar infusiones y tónicos.
1,La guayaba se utiliza en la medicina tradicional para tratar problemas de salud como la diarrea.
1,"La guayaba se utiliza en la preparación de mermeladas, jaleas, bebidas y postres."
1,La guayaba tiene una piel verde o amarilla y una pulpa rosada o blanca.
3,La mermelada de durazno es una de las formas más populares de conservar esta fruta.
1,La mora es una fruta baja en calorías y una buena fuente de nutrientes esenciales.
1,"La mora es una fruta que se puede consumir fresca, congelada, en mermeladas, jaleas y postres."
1,"La mora es una fruta que se puede utilizar en la elaboración de alimentos para animales, como alimentos para peces y aves de corral."
1,"La mora es una fruta que se puede utilizar en la elaboración de productos cosméticos y de cuidado personal, como cremas hidratantes y lociones."
1,"La mora es una fruta que se puede utilizar en la elaboración de productos de artesanía, como tintas y pinturas."
1,"La mora es una fruta que se puede utilizar en la elaboración de productos de belleza, como cremas para el acné y tratamientos para la piel."
1,"La mora es una fruta que se puede utilizar en la elaboración de productos de cuidado bucal, como pasta dental y enjuague bucal."
1,"La mora es una fruta que se puede utilizar en la elaboración de productos de cuidado del cabello, como acondicionadores y tintes."
1,"La mora es una fruta que se puede utilizar en la elaboración de productos de decoración, como centros de mesa y adornos para el hogar."
1,"La mora es una fruta que se puede utilizar en la elaboración de productos de jardinería y cuidado del césped, como fertilizantes y pesticidas naturales."
1,"La mora es una fruta que se puede utilizar en la elaboración de productos de limpieza y de higiene personal, como champús y jabones."
1,"La mora es una fruta que se puede utilizar en la elaboración de productos de papelería, como papel y cartón."
1,"La mora es una fruta que se puede utilizar en la elaboración de productos de perfumería, como perfumes y colonias."
1,"La mora es una fruta que se puede utilizar en la elaboración de productos farmacéuticos, como antiinflamatorios y analgésicos."
1,"La mora es una fruta que se puede utilizar en la elaboración de productos para el cuidado de la piel, como cremas hidratantes y lociones."
1,"La mora es una fruta que se puede utilizar en la elaboración de productos para el cuidado de la salud cardiovascular, como suplementos para reducir el colesterol."
1,"La mora es una fruta que se puede utilizar en la elaboración de productos para el cuidado de la salud de la piel, como cremas y lociones para el acné."
1,"La mora es una fruta que se puede utilizar en la elaboración de productos para el cuidado de la salud del sistema nervioso, como suplementos para el estrés y la ansiedad."
1,"La mora es una fruta que se puede utilizar en la elaboración de productos para el cuidado de la salud mental, como suplementos para mejorar la memoria y la concentración."
1,"La mora es una fruta que se puede utilizar en la elaboración de productos para el cuidado de la salud mental, como tés y suplementos para la ansiedad."
1,"La mora es una fruta que se puede utilizar en la elaboración de productos para el cuidado de la salud ocular, como suplementos para la vista."
1,"La mora es una fruta que se puede utilizar en la elaboración de productos para el cuidado de la salud sexual, como afrodisíacos naturales."
1,"La mora es una fruta que se puede utilizar en la elaboración de productos para el cuidado de la salud ósea, como suplementos de calcio."
1,"La mora es una fruta que se puede utilizar en la elaboración de productos para el cuidado de la salud, como suplementos que agregan nutrientes a las dietas diarias."
1,"La mora es una fruta que se puede utilizar en la elaboración de productos para el cuidado de las uñas, como esmaltes y aceites."
1,"La mora es una fruta que se puede utilizar en la elaboración de productos para el cuidado del cabello, como champús y acondicionadores."
1,"La mora es una fruta que se puede utilizar en la elaboración de productos para el cuidado del cuerpo, como aceites esenciales y exfoliantes."
1,"La mora es una fruta que se puede utilizar en la elaboración de productos para el cuidado del sistema digestivo, como infusiones y suplementos para la digestión."
1,"La mora es una fruta que se puede utilizar en la elaboración de productos para el cuidado del sistema inmunológico, como suplementos de vitamina C."
1,"La mora es una fruta que se puede utilizar en la elaboración de productos para el cuidado del sistema urinario, como infusiones y suplementos para la infección urinaria."
1,"La mora es una fruta que se puede utilizar en la elaboración de productos para la salud, como suplementos dietéticos y vitaminas."
1,"La mora es una fruta que se puede utilizar en la elaboración de remedios caseros para tratar resfriados, tos y otros síntomas de enfermedades respiratorias."
1,La mora es una fruta que se puede utilizar en la elaboración de tintes naturales para tejidos y prendas de vestir.
1,La mora es una fruta que se utiliza en la elaboración de licores y bebidas alcohólicas.
1,"La mora es una fruta que se utiliza en la elaboración de productos para el cuidado de los ojos, como gotas para los ojos."
1,"La mora es una fruta rica en fibra, antioxidantes y vitamina C."
1,La mora es una fruta silvestre y de temporada que crece en arbustos y enredaderas y es originaria de Europa y Asia.
4,"La piel de la uva es rica en resveratrol, un compuesto que se ha relacionado con la prevención de enfermedades del corazón y algunos tipos de cáncer."
3,"La piel del durazno puede ser de color amarillo, naranja o rojo, dependiendo de la variedad."
1,"La toronja contiene una sustancia llamada naringina, que puede ayudar a reducir los niveles de colesterol."
1,La toronja es baja en calorías y puede ser una excelente opción para aquellos que buscan perder peso.
1,La toronja es baja en sodio y puede ser una buena opción para aquellos que buscan reducir su consumo de sal.
1,La toronja es conocida por su sabor ácido y su pulpa jugosa y carnosa.
1,La toronja es conocida por sus propiedades diuréticas y puede ayudar a reducir la retención de líquidos.
1,La toronja es rica en fibra y puede ayudar a mejorar la digestión.
1,La toronja es rica en potasio y puede ayudar a regular la presión arterial.
1,La toronja es rica en vitamina C y otros nutrientes importantes para la salud.
1,"La toronja es un alimento bajo en índice glucémico, lo que significa que no causa un aumento repentino en los niveles de azúcar en la sangre."
1,La toronja es un híbrido entre la naranja y el pomelo.
1,"La toronja es un ingrediente popular en las bebidas alcohólicas, como el cóctel de toronja y vodka."
1,La toronja es un ingrediente popular en los regímenes de desintoxicación y puede ayudar a limpiar el cuerpo de toxinas.
1,"La toronja es un ingrediente popular en muchas recetas de cocina, desde ensaladas hasta postres."
1,La toronja es un árbol perenne que puede crecer hasta una altura de 15 metros.
1,La toronja es una fruta cítrica originaria de Asia y muy popular en todo el mundo.
1,La toronja es una fruta cítrica que se ha utilizado tradicionalmente en la medicina natural para tratar una variedad de dolencias.
1,"La toronja es una fruta cítrica que se puede encontrar en diferentes variedades, como la toronja roja, la toronja blanca y la toronja rosa."
1,La toronja es una fruta cítrica que se puede utilizar para hacer productos de limpieza naturales para el hogar.
1,La toronja es una fruta de temporada que generalmente se encuentra disponible en los meses de invierno y primavera.
1,La toronja es una fruta rica en ácido ascórbico y flavonoides que pueden ayudar a mejorar la salud del sistema inmunológico.
1,"La toronja es una fruta versátil que se puede usar en muchas recetas, desde marinadas hasta aderezos para ensaladas."
1,La toronja es una fuente natural de antioxidantes que pueden ayudar a prevenir enfermedades crónicas como el cáncer y las enfermedades cardíacas.
1,"La toronja es una fuente natural de vitamina A, que es importante para la salud de la piel y los ojos."
1,La toronja puede ayudar a reducir los niveles de azúcar en la sangre y puede ser beneficioso para aquellos que padecen diabetes.
1,"La toronja puede interactuar con ciertos medicamentos, por lo que es importante consultar con un médico antes de consumirla regularmente."
1,La toronja puede tener propiedades antiinflamatorias y puede ayudar a reducir la inflamación en el cuerpo.
1,La toronja se ha demostrado que tiene propiedades antifúngicas y puede ayudar a prevenir las infecciones por hongos.
1,"La toronja se puede consumir fresca, en jugo o en mermelada."
1,"La toronja se puede utilizar como un ingrediente natural en productos de limpieza del hogar, como limpiadores de superficies y desinfectantes."
1,La toronja se puede utilizar como un ingrediente natural en productos para el cuidado de la piel y el cabello.
1,"La toronja se puede utilizar como un ingrediente natural en productos para el cuidado oral, como el enjuague bucal."
4,"La uva contiene una serie de compuestos antioxidantes, como los flavonoides, que se han relacionado con una variedad de beneficios para la salud, incluyendo la prevención de enfermedades del corazón y algunos tipos de cáncer."
4,"La uva es el fruto de la vid, una planta trepadora que se cultiva en todo el mundo."
4,"La uva es rica en nutrientes, como vitamina C, potasio y antioxidantes."
4,"La uva es una de las frutas más antiguas cultivadas por el ser humano, con evidencias que datan de hace más de 6.000 años."
4,"La uva es una fruta climatérica, lo que significa que sigue madurando después de ser recolectada, por lo que es importante recolectarla en el momento adecuado para evitar que se dañe o se pudra."
4,La uva es una fruta redonda u ovalada que crece en racimos y se utiliza principalmente para producir vino.
4,"La uva es una fuente importante de azúcares naturales, como la fructosa y la glucosa, que son responsables del sabor dulce de la fruta."
4,"La uva es una fuente importante de resveratrol, un compuesto antioxidante que se encuentra en la piel de las uvas rojas y se ha relacionado con una serie de beneficios para la salud, como la reducción del riesgo de enfermedades del corazón y algunos tipos de cáncer."
4,"La uva es uno de los principales ingredientes en la producción de vino, y su sabor, aroma y características varían según la variedad de uva utilizada y el proceso de elaboración del vino."
4,"La uva fresca es una excelente opción como snack saludable, ya que es baja en calorías y rica en fibra."
4,La uva se puede clasificar en dos tipos principales: uva de mesa (para consumo fresco) y uva de vinificación (para producir vino).
4,"La uva se puede consumir fresca, seca o procesada en forma de vino, jugo o mermelada."
4,"La uva se puede utilizar para hacer aceite de semilla de uva, que es un aceite vegetal utilizado en la cocina y la cosmética."
4,"La uva se puede utilizar para hacer mosto, que es el jugo de uva sin fermentar utilizado en la producción de vino."
4,"La uva se puede utilizar para hacer vinagre balsámico, que es un tipo de vinagre oscuro y espeso utilizado en la cocina mediterránea."
4,"La uva se puede utilizar para hacer vinagre de vino, que es un tipo de vinagre utilizado en la cocina y la limpieza del hogar."
4,"La uva seca, también conocida como pasa, es una forma popular de uva procesada que se utiliza en la cocina y la repostería."
4,"Las aceitunas contienen ácido oleico, un ácido graso monoinsaturado que se ha asociado con la salud del corazón."
4,Las aceitunas de aceite son aquellas que se utilizan para producir aceite de oliva.
4,Las aceitunas de mesa son aquellas que se encurten en salmuera o vinagre y se utilizan como aperitivo.
4,Las aceitunas frescas tienen un sabor amargo y requieren un proceso de curado antes de poder comerse.
4,Las aceitunas negras son más suaves y tiernas que las aceitunas verdes.
4,"Las aceitunas pueden tener un sabor ligeramente picante debido al contenido de oleuropeína, un compuesto que se encuentra en el fruto."
4,"Las aceitunas se pueden clasificar por su sabor, que puede ser amargo, dulce o salado."
4,Las aceitunas se pueden comprar enlatadas o en frascos en la mayoría de los supermercados.
4,"Las aceitunas se pueden conservar en salmuera, aceite o vinagre."
4,"Las aceitunas se pueden encontrar en una amplia variedad de tamaños, colores y sabores."
4,"Las aceitunas se pueden rellenar con una amplia variedad de ingredientes, como queso, anchoas y pimientos."
4,"Las aceitunas se pueden utilizar en una amplia variedad de platos, incluyendo ensaladas, pizzas y platos de pasta."
4,"Las aceitunas se pueden utilizar para hacer aceitunas de mesa caseras, que son una opción saludable y deliciosa."
4,"Las aceitunas se pueden utilizar para hacer aceitunas negras secas, que se utilizan en muchos platos mediterráneos."
4,"Las aceitunas se pueden utilizar para hacer tapenade, una pasta de aceitunas que se utiliza como aperitivo o para condimentar platos."
4,"Las aceitunas son consideradas un alimento saludable debido a su contenido de grasas saludables, antioxidantes y otros nutrientes beneficiosos."
4,"Las aceitunas son el fruto de los olivos, pertenecen a la familia de las Oleaceae y se utilizan principalmente para la elaboración de aceite y encurtidos."
4,Las aceitunas son originarias de la región mediterránea y se han cultivado durante miles de años.
4,Las aceitunas son un alimento bajo en calorías y una buena fuente de vitamina E.
4,"Las aceitunas son un alimento importante en la dieta mediterránea, que se ha asociado con beneficios para la salud cardiovascular."
4,"Las aceitunas son un ingrediente clave en la ensalada griega, que también incluye tomate, pepino, cebolla, queso feta y aderezo de aceite de oliva y vinagre"
4,"Las aceitunas son un ingrediente común en la cocina española, italiana y griega."
4,"Las aceitunas verdes son aquellas que se recogen antes de que maduren completamente, mientras que las aceitunas negras se dejan en el árbol hasta que están completamente maduras."
3,Las ciruelas pertenecen a la familia de las Rosáceas.
3,Las ciruelas pueden ayudar a prevenir el cáncer.
3,Las ciruelas pueden ayudar a prevenir el estreñimiento.
3,Las ciruelas pueden ayudar a prevenir la osteoporosis.
3,Las ciruelas pueden ayudar a reducir el colesterol.
3,Las ciruelas pueden ayudar a reducir el riesgo de enfermedades del corazón.
3,Las ciruelas pueden ayudar a reducir la inflamación.
3,Las ciruelas pueden ayudar a regular los niveles de azúcar en la sangre.
3,Las ciruelas pueden mejorar la salud de la piel.
3,Las ciruelas pueden mejorar la salud del cerebro.
3,Las ciruelas pueden ser beneficiosas para la salud de los ojos.
3,Las ciruelas pueden ser clasificadas en dos categorías principales: las ciruelas europeas y las ciruelas japonesas.
3,Las ciruelas pueden ser congeladas para su uso posterior.
3,"Las ciruelas pueden ser consumidas crudas, cocidas o enlatadas."
3,"Las ciruelas pueden ser de diferentes colores, como rojo, amarillo, verde y morado."
3,Las ciruelas pueden ser una alternativa saludable a los dulces y postres procesados.
3,"Las ciruelas pueden ser usadas para hacer mermeladas, salsas y jugos."
3,Las ciruelas secas son ricas en hierro y calcio
3,Las ciruelas son bajas en calorías y grasas.
3,"Las ciruelas son conocidas por tener propiedades laxantes naturales debido a su contenido de fibra y sorbitol, lo que las hace una buena opción para aliviar el estreñimiento ocasional."
3,Las ciruelas son nativas de Europa y Asia.
3,Las ciruelas son un tipo de fruta de piel suave y sabor dulce.
3,Las ciruelas son una buena fuente de energía.
3,Las ciruelas son una buena fuente de vitamina C y potasio.
3,Las ciruelas son una excelente fuente de fibra soluble e insoluble.
3,"Las ciruelas son una excelente fuente de flavonoides, que tienen propiedades antioxidantes y antiinflamatorias."
3,Las ciruelas son una excelente opción para mejorar la digestión.
3,Las ciruelas son una excelente opción para un refrigerio saludable.
3,"Las ciruelas son una fruta de temporada, que generalmente se cosecha en verano y otoño."
3,Las ciruelas son una fruta versátil y deliciosa que puede ser incorporada en una variedad de recetas.
3,Las ciruelas son una fuente rica de antioxidantes y fibra.
4,"Las hojas de la vid de la uva se utilizan en la medicina tradicional para tratar una variedad de enfermedades, como la diabetes, la hipertensión y las enfermedades del hígado."
2,"Las manzanas contienen antocianinas, que se cree que tienen propiedades antioxidantes y antiinflamatorias."
2,"Las manzanas contienen catequinas, que se cree que tienen propiedades antioxidantes y antiinflamatorias."
2,"Las manzanas contienen flavonoides, que se cree que tienen propiedades anticancerígenas."
2,"Las manzanas contienen pectina, una fibra soluble que ayuda a reducir el colesterol y a regular el azúcar en la sangre."
2,"Las manzanas contienen potasio, un mineral esencial que ayuda a mantener la presión arterial y la salud del corazón."
2,"Las manzanas contienen quercetina, un antioxidante que puede ayudar a prevenir la inflamación y reducir el riesgo de enfermedades crónicas."
2,"Las manzanas contienen ácido ascórbico, que se ha demostrado que ayuda a reducir los síntomas del asma y otros trastornos respiratorios."
2,"Las manzanas contienen ácido málico, que ayuda a mantener el equilibrio del pH en el cuerpo y puede ayudar a reducir la inflamación."
2,"Las manzanas contienen ácido ursólico, que se ha demostrado que ayuda a prevenir la obesidad y mejorar la salud muscular."
2,"Las manzanas pueden ser almacenadas durante varios meses en condiciones adecuadas, lo que las convierte en una fruta conveniente y duradera."
2,"Las manzanas pueden ser consumidas crudas o cocidas, y son un ingrediente común en una variedad de platos, incluyendo tartas, pasteles, ensaladas y salsas."
2,"Las manzanas se cultivan en todo el mundo y existen cientos de variedades diferentes, cada una con su propio sabor y textura distintivos."
2,"Las manzanas se pueden comer crudas como bocadillo o como ingrediente en ensaladas, salsas y guarniciones."
2,"Las manzanas se pueden hornear, asar o cocinar al vapor, lo que las convierte en un ingrediente ideal para tartas, pasteles y otros postres."
2,"Las manzanas se pueden utilizar como ingrediente en bebidas, como cócteles y batidos."
2,"Las manzanas se pueden utilizar como ingrediente en platos salados, como estofados, guisos y salsas."
2,"Las manzanas se pueden utilizar como ingrediente en productos de confitería, como caramelos y chocolates."
2,"Las manzanas se pueden utilizar como ingrediente en productos de panadería, como panes y bollos."
2,"Las manzanas se pueden utilizar como un ingrediente en ensaladas de frutas, que son una excelente manera de disfrutar de la fruta fresca durante todo el año."
2,"Las manzanas se pueden utilizar como un sustituto saludable del azúcar en muchas recetas, lo que las convierte en una excelente opción para personas que buscan reducir su consumo de azúcar."
2,"Las manzanas se pueden utilizar para hacer compotas, que son una excelente manera de disfrutar de la fruta durante todo el año."
2,"Las manzanas se pueden utilizar para hacer jugos, sidra y vinagre de manzana, que se utilizan en muchas recetas diferentes."
2,"Las manzanas se pueden utilizar para hacer mermeladas y jaleas, que son una excelente manera de preservar la fruta."
2,"Las manzanas se pueden utilizar para hacer puré de manzana, que es una base común para una variedad de productos de panadería."
2,"Las manzanas se recolectan generalmente en otoño, aunque algunas variedades están disponibles durante todo el año."
2,"Las manzanas son frutas redondas, generalmente de color rojo, verde o amarillo, con una piel lisa y brillante."
2,Las manzanas son un alimento bajo en calorías y una opción saludable para cualquier dieta equilibrada.
2,Las manzanas son un alimento muy versátil y se pueden utilizar en una variedad de recetas dulces y saladas.
2,"Las manzanas son una excelente fuente de fibra y vitamina C, y se sabe que tienen beneficios para la salud del corazón y el sistema digestivo."
2,"Las manzanas son una excelente fuente de fibra, lo que ayuda a mantener la salud del sistema digestivo"
2,"Las manzanas son una excelente fuente de vitamina C, un nutriente esencial que ayuda a mantener la salud del sistema inmunológico."
2,"Las manzanas son una fruta deliciosa y versátil que se puede disfrutar de muchas maneras diferentes, lo que las convierte en una excelente opción para cualquier persona que busque una dieta saludable y equilibrada."
2,"Las manzanas son una fuente de antioxidantes, incluyendo la vitamina C y los polifenoles, que ayudan a prevenir el daño celular y a reducir el riesgo de enfermedades crónicas."
2,"Las manzanas son una fuente de carbohidratos saludables, incluyendo la fructosa, que proporciona energía a largo plazo sin aumentar los niveles de azúcar en la sangre."
2,"Las manzanas son una fuente de flavonoides, que se cree que tienen propiedades antiinflamatorias y neuroprotectoras."
2,"Las manzanas son una fuente de ácido fólico, un nutriente esencial que ayuda a prevenir defectos congénitos."
2,"Las manzanas tienen un alto contenido de agua, lo que las hace un alimento hidratante y refrescante."
2,"Las manzanas tienen un bajo índice glucémico, lo que significa que no elevan rápidamente los niveles de azúcar en la sangre."
4,Las peras contienen compuestos que pueden ayudar a prevenir el cáncer de colon y de mama.
4,Las peras contienen compuestos que pueden ayudar a reducir el riesgo de enfermedades del corazón y accidentes cerebrovasculares.
4,"Las peras contienen una gran cantidad de agua, lo que las convierte en una excelente opción para mantenerse hidratado"
4,"Las peras contienen una gran cantidad de antioxidantes, que ayudan a proteger el cuerpo contra el daño celular y el envejecimiento."
4,"Las peras contienen una gran cantidad de fibra insoluble, que ayuda a mantener una digestión saludable y previene el estreñimiento"
4,Las peras maduras tienen un aroma dulce y una textura suave y jugosa.
4,Las peras pueden ayudar a reducir el riesgo de enfermedades respiratorias como el asma.
4,Las peras pueden ayudar a reducir la inflamación en el cuerpo y prevenir enfermedades crónicas como la diabetes y la obesidad.
4,"Las peras se cultivan en todo el mundo, pero las variedades más populares incluyen la Bartlett, Anjou, Bosc y Comice."
4,"Las peras se pueden almacenar a temperatura ambiente hasta que estén maduras, y luego refrigerarse para mantener su frescura."
4,"Las peras se pueden comer frescas o cocidas, y se utilizan en una variedad de platos, desde ensaladas hasta tartas y mermeladas."
4,"Las peras se pueden utilizar en la cocina en una variedad de platos, desde postres hasta platos salados como ensaladas y guisos."
4,Las peras son ricas en antioxidantes que ayudan a prevenir el daño celular y a mantener una piel saludable.
4,"Las peras son ricas en fibra, lo que ayuda a mantener una digestión saludable y previene el estreñimiento."
4,Las peras son un alimento bajo en calorías y una excelente opción para aquellos que buscan perder peso o mantener un peso saludable.
4,"Las peras son un miembro de la familia de las rosáceas, al igual que las manzanas y los duraznos."
4,"Las peras son una buena fuente de cobre, que ayuda a mantener una piel y cabello saludables."
4,"Las peras son una buena fuente de fibra soluble, que ayuda a reducir los niveles de colesterol en la sangre."
4,"Las peras son una buena fuente de potasio, que ayuda a regular la presión arterial y a mantener un corazón saludable."
4,"Las peras son una buena fuente de vitamina C, que ayuda a fortalecer el sistema inmunológico y a proteger contra enfermedades."
4,"Las peras son una buena fuente de vitamina K, que es esencial para la coagulación sanguínea y la salud ósea."
4,"Las peras son una excelente fuente de fibra, vitamina C, potasio y antioxidantes."
4,"Las peras son una excelente fuente de flavonoides, que tienen propiedades antiinflamatorias y antioxidantes."
4,Las peras son una excelente opción para aquellos que buscan alimentos bajos en grasas y ricos en nutrientes.
4,Las peras son una excelente opción para aquellos que buscan alimentos con propiedades antiinflamatorias y antioxidantes.
4,Las peras son una excelente opción para aquellos que buscan alimentos ricos en nutrientes y bajos en calorías.
4,Las peras son una excelente opción para aquellos que buscan alimentos ricos en nutrientes y bajos en sodio.
4,"Las peras son una excelente opción para los diabéticos, ya que tienen un bajo índice glucémico y no elevan los niveles de azúcar en la sangre."
4,Las peras son una fruta de temporada que generalmente se encuentra disponible en el otoño.
4,"Las peras son una fruta redonda o alargada con una piel suave y lisa de color verde, amarillo o rojo."
4,"Las peras son una fruta versátil y saludable que se puede disfrutar como un refrigerio, en una ensalada, como postre o en una variedad de platos cocidos"
4,Las peras tienen propiedades antiinflamatorias que pueden ayudar a aliviar los síntomas de condiciones como la artritis y el asma.
4,"Las semillas de uva contienen compuestos como los oligómeros de proantocianidina (OPC), que se han relacionado con la reducción del riesgo de enfermedades del corazón y la mejora de la salud de la piel."
4,"Las uvas blancas o verdes contienen menos antocianinas que las uvas negras, pero son ricas en otros compuestos antioxidantes como el ácido ascórbico y el ácido elágico."
4,"Las uvas contienen más de 1000 compuestos diferentes, incluyendo antioxidantes y vitaminas C y K."
4,"Las uvas contienen también compuestos como los polifenoles, que pueden ayudar a reducir la inflamación y mejorar la salud del cerebro."
4,"Las uvas contienen ácido tartárico, que es lo que les da su sabor agrio."
4,"Las uvas de mesa son más grandes, dulces y jugosas, y se cultivan en variedades como la Thompson Seedless, la Red Globe y la Concord."
4,"Las uvas de vinificación son más pequeñas, tienen una piel más gruesa y se cultivan en variedades como la Cabernet Sauvignon, la Merlot y la Chardonnay."
4,"Las uvas negras contienen antocianinas, un pigmento natural que les da su característico color oscuro y que se ha relacionado con la reducción del riesgo de enfermedades del corazón y la mejora de la salud ocular."
4,"Las uvas se pueden secar al sol para producir pasas, que son una fuente rica de energía y nutrientes como el hierro y el calcio."
4,"Las uvas se pueden utilizar para hacer chutneys y salsas, que son una forma deliciosa de agregar sabor y complejidad a una variedad de platos."
4,"Las uvas se pueden utilizar para hacer gelatinas y postres, que son una forma deliciosa de disfrutar de esta fruta dulce y sabrosa."
4,"Las uvas se pueden utilizar para hacer jugos y néctares, que son bebidas refrescantes y saludables."
4,"Las uvas se pueden utilizar para hacer mermeladas y conservas, que se pueden disfrutar como postre o como ingrediente en recetas dulces."
4,"Las uvas se pueden utilizar para hacer productos cosméticos, como cremas y lociones, debido a sus propiedades hidratantes y antioxidantes."
4,"Las uvas son una de las frutas más antiguas del mundo, con una historia que se remonta a miles de años en la antigua Persia."
4,"Las uvas también contienen ácido tartárico y ácido málico, que son responsables del sabor ácido y refrescante de la fruta."
4,"Las uvas también se pueden utilizar para hacer licor de uva, un tipo de licor dulce que se consume en algunas partes del mundo."
4,Los Estados Unidos son el país que más uvas consume per cápita en el mundo.
2,"Los albaricoques contienen carotenoides, que son antioxidantes que pueden ayudar a prevenir enfermedades crónicas."
2,"Los albaricoques contienen ácido fólico, que es importante para el desarrollo fetal saludable."
2,Los albaricoques frescos deben almacenarse en el refrigerador y consumirse dentro de los 5 días posteriores a la compra.
2,Los albaricoques frescos se pueden comer solos o en ensaladas de frutas.
2,Los albaricoques frescos se pueden utilizar como ingrediente en batidos.
2,"Los albaricoques se pueden encontrar en diferentes colores, desde amarillo a naranja y rojo, y su sabor varía según la variedad y el grado de madurez."
2,Los albaricoques se pueden utilizar para hacer mermeladas
2,Los albaricoques se pueden utilizar para hacer un puré de frutas delicioso y nutritivo.
2,Los albaricoques se pueden utilizar para hacer un té de hierbas delicioso y saludable.
2,Los albaricoques se pueden utilizar para hacer una compota o un postre caliente
2,Los albaricoques se pueden utilizar para hacer una deliciosa salsa para acompañar platos de carne y aves.
2,Los albaricoques secos se pueden almacenar a temperatura ambiente durante varios meses.
2,Los albaricoques secos son una deliciosa golosina y un ingrediente común en los pasteles y las galletas.
2,"Los albaricoques son una excelente fuente de fibra soluble, que puede ayudar a reducir el colesterol en la sangre."
2,"Los albaricoques son una fuente importante de beta-caroteno, que se convierte en vitamina A en el cuerpo."
2,"Los albaricoques son una fuente importante de vitamina E, que es un antioxidante importante."
2,Los albaricoques tienen un sabor agridulce y se utilizan a menudo en platos dulces y salados.
1,Los arándanos contienen compuestos que pueden ayudar a reducir el riesgo de infecciones del tracto urinario.
1,"Los arándanos contienen ácido elágico, un compuesto que puede ayudar a prevenir el daño celular."
1,"Los arándanos frescos se pueden utilizar en ensaladas, postres y batidos."
1,Los arándanos pueden ayudar a mejorar la digestión y reducir el estreñimiento.
1,Los arándanos pueden ayudar a mejorar la función del sistema inmunológico.
1,Los arándanos pueden ayudar a mejorar la salud de la piel.
1,Los arándanos pueden ayudar a mejorar la salud de las encías y prevenir la enfermedad periodontal.
1,Los arándanos pueden ayudar a mejorar la salud de los ojos y prevenir la degeneración macular relacionada con la edad.
1,"Los arándanos pueden ayudar a prevenir las enfermedades crónicas, como la diabetes y la obesidad."
1,Los arándanos pueden ayudar a reducir el riesgo de enfermedades del corazón y cáncer.
1,Los arándanos pueden ayudar a reducir la inflamación en el cuerpo.
1,Los arándanos pueden ayudar a reducir la presión arterial.
1,Los arándanos se han utilizado durante siglos en la medicina tradicional para tratar una variedad de enfermedades.
1,Los arándanos se pueden comer frescos o cocidos.
1,"Los arándanos se pueden encontrar en muchas formas diferentes, incluyendo frescos, congelados, secos, en polvo"
1,Los arándanos se pueden utilizar como ingrediente en salsas para carnes y aves.
1,Los arándanos se pueden utilizar en la producción de cosméticos y productos para el cuidado de la piel.
1,Los arándanos se utilizan a menudo como ingrediente en productos horneados como tartas y pasteles.
1,"Los arándanos secos se pueden utilizar en granola, panes y muffins."
1,Los arándanos son bajos en índice glucémico y pueden ser una buena opción para las personas con diabetes.
1,Los arándanos son conocidos por su alto contenido en antioxidantes.
1,"Los arándanos son frutas que pertenecen a la familia de las Ericaceae y al género Vaccinium, que también incluye otras frutas similares como los arándanos rojos y las moras azules"
1,Los arándanos son muy bajos en calorías y grasas.
1,Los arándanos son originarios de América del Norte y se han cultivado desde hace siglos.
1,Los arándanos son pequeñas frutas de color azul oscuro o morado que crecen en arbustos de hoja perenne.
1,Los arándanos son una buena fuente de hierro y potasio.
1,"Los arándanos son una buena fuente de vitamina E, un antioxidante que puede ayudar a proteger contra el daño celular."
1,"Los arándanos son una buena fuente de vitamina K, que es importante para la salud ósea."
1,"Los arándanos son una excelente fuente de antocianinas, que son compuestos que ayudan a proteger el cerebro y mejorar la memoria."
1,Los arándanos son una excelente fuente de vitamina C y fibra.
1,"Los arándanos son una excelente opción para añadir a la dieta de los niños, ya que son dulces y nutritivos."
1,"Los arándanos son una fuente importante de fibra soluble, que puede ayudar a reducir el colesterol."
3,Los duraznos enlatados se pueden encontrar en tiendas de comestibles y se utilizan en una variedad de recetas.
3,Los duraznos frescos se pueden conservar en el refrigerador por unos días.
3,Los duraznos se pueden congelar para su uso posterior en recetas.
3,"Los duraznos se pueden consumir frescos, enlatados, en mermeladas, en postres o como ingrediente en platos salados."
3,"Los duraznos se pueden utilizar para hacer pasteles, tartas y otros postres deliciosos."
3,"Los duraznos son una fuente de carotenoides, que son antioxidantes beneficiosos para la salud."
3,Los duraznos también se utilizan en la industria de la cosmética para hacer productos para el cuidado de la piel.
3,Los tomates cherry son una opción popular para aperitivos y ensaladas.
3,"Los tomates contienen carotenoides, compuestos antioxidantes que ayudan a proteger el cuerpo contra el daño celular y la inflamación."
3,"Los tomates se pueden consumir crudos, cocidos, en salsas y jugos."
3,"Los tomates se pueden cultivar en invernaderos o al aire libre, dependiendo del clima y las condiciones de cultivo."
3,Los tomates se pueden cultivar en macetas en patios o balcones.
3,"Los tomates se pueden encontrar en una variedad de formas, incluyendo redondos, ovalados, alargados y en forma de pera."
3,Los tomates se pueden enlatar o secar para su conservación.
3,"Los tomates se pueden utilizar para hacer conservas, mermeladas y chutneys."
3,"Los tomates se pueden utilizar para hacer jugo de tomate, que se consume como bebida o como base para cócteles."
3,"Los tomates se pueden utilizar para hacer salsas de tomate, ketchup y salsa de tomate para pasta."
3,"Los tomates son ricos en fibra, lo que ayuda a mantener una digestión saludable."
3,"Los tomates son ricos en vitaminas C, A y K, ácido fólico, potasio y antioxidantes."
3,"Los tomates son una fuente de ácido salicílico, que se cree que tiene propiedades antiinflamatorias y analgésicas"
3,"Los tomates son una fuente importante de licopeno, un antioxidante que puede ayudar a prevenir enfermedades del corazón y algunos tipos de cáncer."
3,"Los tomates son una fuente importante de potasio, un mineral esencial que ayuda a regular la presión arterial y el equilibrio de fluidos en el cuerpo."
3,"Los tomates son una fuente rica de ácido ascórbico, también conocido como vitamina C."
2,Su nombre científico es Malpighia emarginata y también se le conoce como cereza de las Antillas o cereza brasileña.
3,Su nombre científico es Prunus persica.
